{
  "sekce": [
    {
      "nazev": "SectionName1",
      "cinnosti": [
        {"id": "001", "nazev": "NameOfActivity"},
        {"id": "002", "nazev": "NameOfActivity"},
        {"id": "003", "nazev": "NameOfActivity"},
        {"id": "004", "nazev": "NameOfActivity"}
      ]
    },
    {
      "nazev": "SectionName2",
      "cinnosti": [
        {"id": "005", "nazev": "NameOfActivity"},
        {"id": "006", "nazev": "NameOfActivity"},
        {"id": "007", "nazev": "NameOfActivity"}
      ]
    },
    {
      "nazev": "SectionName3",
      "cinnosti": [
        {"id": "008", "nazev": "NameOfActivity"},
        {"id": "009", "nazev": "NameOfActivity"},
        {"id": "0010", "nazev": "NameOfActivity"}
      ]
    },
    {
      "nazev": "SectionName4",
      "cinnosti": [
        {"id": "0011", "nazev": "NameOfActivity"},
        {"id": "0012", "nazev": "NameOfActivity"}
      ]
    }
  ]
}

